"No	NIE	Nombre Completo	seccion_id	Seccion	Estado
1	3852408	CARDOZA CUBAS, IAN ALEXANDER	1	1° A Software	Matriculado
2	20166294	CARIAS GUEVARA, GENESIS REBECA	1	1° A Software	Matriculado
3	19754640	CARRANZA PÉREZ, FABIOLA ALESSANDRA	1	1° A Software	Matriculado
4	4975480	CORDOVA MARTINEZ, KATHERINE NOEMI	1	1° A Software	Matriculado
5	19783591	FUENTES MARÍN, NEHEMÍAS ALFREDO	1	1° A Software	Matriculado
6	20291109	GUADRÓN JUÁREZ, NAHOMY ARLIN	1	1° A Software	Matriculado
7	19773316	MELARA CAMPOS, STEVEN LIONEL	1	1° A Software	Matriculado
8	19800430	MELARA MULATO, VALERIA PATRICIA	1	1° A Software	Matriculado
9	19783070	MORÁN PINEDA, JOSUÉ ADALID	1	1° A Software	Matriculado
10	19994482	MOREIRA DE PAZ, ASHLEY ANDREA	1	1° A Software	Matriculado
11	5012798	ORTIZ CERON, MIGUEL ANGEL	1	1° A Software	Matriculado
12	20367279	ORTÍZ OSORIO, HASSEL JAMILETH	1	1° A Software	Matriculado
13	19986779	PÉREZ LUNA, EDUARDO ERNESTO	1	1° A Software	Matriculado
14	20000110	RAMÍREZ MACHUCA, JUSTIN EDGARDO	1	1° A Software	Matriculado
15	20000184	REYES SALAZAR, ALEJANDRO ALBERTO	1	1° A Software	Matriculado
16	20122104	RODAS HERNÁNDEZ, MEYBEL JULISSA	1	1° A Software	Matriculado
17	19887393	RUANO PÉREZ, JONATHAN DAVID	1	1° A Software	Matriculado
18	20078411	SERRANO CALLEJAS, ISAAC ANTONIO	1	1° A Software	Matriculado";NIE;Nombre Completo;seccion_id;Seccion;Estado
No;NIE;Nombre Completo;seccion_id;Seccion;Estado
1;3852408;CARDOZA CUBAS, IAN ALEXANDER;1;1° A Software;Matriculado
2;20166294;CARIAS GUEVARA, GENESIS REBECA;1;1° A Software;Matriculado
3;19754640;CARRANZA PÉREZ, FABIOLA ALESSANDRA;1;1° A Software;Matriculado
4;4975480;CORDOVA MARTINEZ, KATHERINE NOEMI;1;1° A Software;Matriculado
5;19783591;FUENTES MARÍN, NEHEMÍAS ALFREDO;1;1° A Software;Matriculado
6;20291109;GUADRÓN JUÁREZ, NAHOMY ARLIN;1;1° A Software;Matriculado
7;19773316;MELARA CAMPOS, STEVEN LIONEL;1;1° A Software;Matriculado
8;19800430;MELARA MULATO, VALERIA PATRICIA;1;1° A Software;Matriculado
9;19783070;MORÁN PINEDA, JOSUÉ ADALID;1;1° A Software;Matriculado
10;19994482;MOREIRA DE PAZ, ASHLEY ANDREA;1;1° A Software;Matriculado
11;5012798;ORTIZ CERON, MIGUEL ANGEL;1;1° A Software;Matriculado
12;20367279;ORTÍZ OSORIO, HASSEL JAMILETH;1;1° A Software;Matriculado
13;19986779;PÉREZ LUNA, EDUARDO ERNESTO;1;1° A Software;Matriculado
14;20000110;RAMÍREZ MACHUCA, JUSTIN EDGARDO;1;1° A Software;Matriculado
15;20000184;REYES SALAZAR, ALEJANDRO ALBERTO;1;1° A Software;Matriculado
16;20122104;RODAS HERNÁNDEZ, MEYBEL JULISSA;1;1° A Software;Matriculado
17;19887393;RUANO PÉREZ, JONATHAN DAVID;1;1° A Software;Matriculado
18;20078411;SERRANO CALLEJAS, ISAAC ANTONIO;1;1° A Software;Matriculado
